,Accession,ID,Seq_length,Evalue,Bitscore,Tot_aln_span,Identity,Protein_ID,Taxid,Organism_name,Description,Prot_sequence
0,NP_003131,ref|NP_003131.1|,204,1.24621e-151,428.713,204,100.0,NP_003131.1,9606,Homo sapiens,sex-determining region Y protein [Homo sapiens],MQSYASAMLSVFNSDDYSPAVQENIPALRRSSSFLCTESCNSKYQCETGENSKGNVQDRVKRPMNAFIVWSRDQRRKMALENPRMRNSEISKQLGYQWKMLTEAEKWPFFQEAQKLQAMHREKYPNYKYRPRRKAKMLPKNCSLLPADPASVLCSEVQLDNRLYRDDCTKATHSRMEHQLGHLPPINAASSPQQRDRYSHWTKL
1,QBA69874,gb|QBA69874.1|,204,4.35439e-151,427.557,204,100.0,QBA69874.1,9606,Homo sapiens,"sex-determining region Y protein, partial [Homo sapiens]",MQSYASAMLSVFNSDDYSPAVQENIPALRRSSSFLCTESCNSKYQCETGENSKGNVQDRVKRPMNAFIVWSRDQRRKMALENPRMRNSEISKQLGYQWKMLTEAEKWPFFQEAQKLQAMHREKYPNYRYRPRRKAKMLPKNCSLLPADPASVLCSEVQLDNRLYRDDCTKATHSRMEHQLGHLPPINAASSPQQRDRYSHWTKL
2,CAP05197,emb|CAP05197.1|,204,5.60463e-151,427.172,204,100.0,CAP05197.1,9606,Homo sapiens,sex determining region Y [Homo sapiens],MQSYASAMLSVFNSDDYSPAVQENIPALRRSSSFLCTESCNSKYQCETGENSKGNVQDRVKRPMNAFIVWSRDQRRKMVLENPRMRNSEISKQLGYQWKMLTEAEKWPFFQEAQKLQAMHREKYPNYKYRPRRKAKMLPKNCSLLPADPASVLCSEVQLDNRLYRDDCTKATHSRMEHQLGHLPPINAASSPQQRDRYSHWTKL
3,P48046,sp|P48046.1|,204,2.05414e-148,420.624,204,100.0,P48046.1,9595,Gorilla gorilla gorilla,RecName: Full=Sex-determining region Y protein; AltName: Full=Testis-determining factor,MQSYASAMLSVFNSDDYSPAVQQTIPAHRRSSSFLCTESCNSKYQCETGENSKGSVQDRVKRPMNAFIVWSRDQRRKMALENPRMRNSEISKQLGYQWKMLTEAEKWPFFQEAQKLQAMHREKYPNYKYRPRRKAKMLPKNCSLLPADPASVLCSEVQLDNRLYRDDCTKATHSRMEHQLGHLPPINAASSPQQRDRYSHWTKL
4,AAB58342,gb|AAB58342.1|,198,2.28419e-146,415.231,198,100.0,AAB58342.1,3649,Carica papaya,"sex-determining region Y protein, partial [Carica papaya]",MQSYASAMLSVFNSDDYSPAVQENIPALRRSSSFLCTESCNSKYQCETGENSKGNVQDRVKRPMNAFIVWSRDQRRKMALENPRMRNSEISKQLGYQWKMLTEAEKWPFFQEAQKLQAMHREKYPNYKYRPRRKAKMLPKNCSLLPADPASVLCSEVQLDNRLYRDDCTKATHSRMEHQLGHLPPINAASSPQQRDRY
5,NP_001008988,ref|NP_001008988.1|,204,2.11493e-144,410.609,204,100.0,NP_001008988.1,9598,Pan troglodytes,sex-determining region Y protein [Pan troglodytes],MQSYASAMLSVFNSDDYSPAVQQNIPALRRSSSFLCTESYNSKYQRETGENSKDSVQDRVKRPMNAFFVWSRDQRRKMALENPRMRNSEISKQLGYQWKMLTEAEKWPFFQEAQKLQAMHREKYPNYKYRPRRKANMLPKNCSLLPADPASVLCSEVQLDNRLYRDDCTKATHSRMEHQLGHLPPINAASSPQQRDRYSHWTKL
6,Q28778,sp|Q28778.1|,204,2.53702e-140,400.208,204,100.0,Q28778.1,9597,Pan paniscus,RecName: Full=Sex-determining region Y protein; AltName: Full=Testis-determining factor,MQSYASAMLSVFNSDDYSPGVQQNIPALRRSSSFLCTESYNSKYQRETGENSKDSVQDRVKRPMNAFFVWSRDQRRKMALENPRMRNSEISKQLGYQWKMLTAAEKWPFFQEAQKLQAMHREKYPNYKYRPRRKANMLPKNCSLLPADPASVLCSEVQLDNRLYRDDCTKATHSTMEHQLGHLPPINAASSPQQRDRCSHWTKL
7,Q28783,sp|Q28783.1|,233,4.05194e-140,400.979,205,87.554,Q28783.1,9600,Pongo pygmaeus,RecName: Full=Sex-determining region Y protein; AltName: Full=Testis-determining factor,MQSYASAMLSVFNSDDYSPAVQQNIPALRRSSSFICTESYNSKYQCETGENSKGSVQDRVKRPMNAFIVWSRDQRRKMALENPKMRNSEISKQLGYQWKMLTEAEKWPFFQEAQKLQAMHREKYPNYKYRPRRKAKMLQKSCSSLPADPASVLCSEVLQLDNRLYRDDCTKATHSRLEHQLGHLPPINTASSPQQRDRYSHSTELYDNRVTLATKTYLDAAFYDNLQPSLSYV
8,ADX95829,gb|ADX95829.1|,205,4.86093e-140,399.438,205,99.512,ADX95829.1,9601,Pongo abelii,"sex-determining region Y protein, partial [Pongo abelii]",MQSYASAMLSVFNSDDYSPAVQQNIPALRRSSSFICTESYNSKYQCETGENSKGSVQDRVKRPMNAFIVWSRDQRRKMALENPKMRNSEISKQLGYQWKMLTEAEKWPFFQEAQKLQAMHREKYPNYKYRPRRKAKMLQKSCSSLPADPASVLCSEVLQLDNRLYRDDCTKATHSRLEHQLGHLPPINTASSPQQRDRYSHSTEL
9,AAL09290,gb|AAL09290.1|,204,4.76156e-137,392.119,204,100.0,AAL09290.1,36231,Miopithecus talapoin,"SRY, partial [Miopithecus talapoin]",MQSYASAMLSVFNTDGYSPAAQQNIPALRRSSSFICTESCSSKYQCEAGENSKGSVQDRVKRPMNAFIVWSRDQRRKMALENPKMRNSEISKQLGYQWKMLTEADKWPFFQEAQKLQAMHREKYPNYKYRPRRKAKMLQNSCSLLPADPSSVPCREVELDNRLYRDDCTKATHSRMQHQLGHLPPINTASSPQQRDRYSHSTKL
10,Q28447,sp|Q28447.1|,204,1.12044e-136,390.963,204,100.0,Q28447.1,9580,Hylobates lar,RecName: Full=Sex-determining region Y protein; AltName: Full=Testis-determining factor,MQSYASAMLSVFNSDYYSPAVQQNTPALRRSSSFICTESCNSKYPCETGENSKVSVQDRVKRPMNAFIVWSRDQRRKMALENPKMRNSEISKQLGYRWKMLTEAEKWPFFQEAQKLQAMHREKYPNYKYRPRRKAKMLQKSCSLLPADSASVLCSKVQLDNRLYRDDCTKATHSRMEHQLGHLPPINTASSPQQQDHYSHSTKL
11,NP_001028008,ref|NP_001028008.1|,204,1.33543e-136,390.963,204,100.0,NP_001028008.1,9544,Macaca mulatta,sex-determining region Y protein [Macaca mulatta],MQSYASAMLSVFNTDGYSPAAQQNIPALRRSSSFICTESCSSKYQCEAGENSKGSVQDKVKRPMNAFIVWSRDQKRKMALENPKMRNSEISKQLGYQWKMLTEADKWPFFQEAQKLQAMHREKYPNYKYRPRRKAKMLQNSCSLLPADPSSVPCREVQLDNRLYRDDCTKATHSRMQHQLGHLPPINTASSPQQRDRYSHSTKL
12,XP_032612415,ref|XP_032612415.1|,204,1.36505e-136,390.963,204,100.0,XP_032612415.1,81572,Hylobates moloch,sex-determining region Y protein [Hylobates moloch],MQSYASAMLSVFNSDYYSPAVQQNTPALRRSSSFICTESCNSKYPCETGENSKVSVQHRVKRPMNAFIVWSRDQRRKMALENPKMRNSEISKQLGYQWKMLTEAEKWPFFQEAQKLQAMHREKYPNYKYRPRRKAKMLQKSCSLLPADSASVLCSKVQLDNRLYRDDCTKATHSRMEHQLGHLPPINTASSPQQQDHYSHSTKL
13,AAL09287,gb|AAL09287.1|,204,1.68142e-136,390.578,204,100.0,AAL09287.1,9538,Erythrocebus patas,"SRY, partial [Erythrocebus patas]",MQSYASAMLSVFNTDGYSPAAQQNIPALRRSSSFICTESCSSKYQCEAGENSKGSVQDRVKRPMNAFIVWSRDQRRKMALENPKMRNSEISKQLGYQWKMLTEADKWPFFQEAQKLQAMHREKYPNYKYRPRRKAKMLPNSCSLLPADPSSVPCREVELDNRLYRDDCTKATHSRMQHQLGHLPPINTASSPQQWDRYSHSTKL
14,AAS19186,gb|AAS19186.1|,204,4.13906e-135,387.111,204,100.0,AAS19186.1,9536,Cercopithecus hamlyni,"sex-determining region protein, partial [Cercopithecus hamlyni]",MQSYASAMLSVFNTDGYSPAAQQNIPALRRSSSFICTESCSSKYQCEAGENSKGSVQDRVKRPMNAFIVWSRDQRRKMALENPKMRNSEISKQLGYQWKMLTEADKWPFFQEAQKLQAMHREKYPNYKYRPRRKAKMLQNSCSLLPADPSSVPCREVELDNRLCRDDCTKATHSRMQHQLGHLPPINTASSPQHGDRYSHWTKL
15,AAW23363,gb|AAW23363.1|,204,1.08809e-133,383.259,204,100.0,AAW23363.1,9536,Cercopithecus hamlyni,sex-determining protein SRY [Cercopithecus hamlyni],MQSYASAMLSVFNTDGYSPAAQQNIPALRRSSSFICTESCSSKYQCEAGENSKGSVQDRVKRPMNAFIVWSRDQRRKMALENPKMRNSEIXXQLGYQWKMLTEADKWPFFQEAQKLQAMHREKYPNYKYRPRRKAKMLQNSCSLLPADPSSVPCREVELDNRLCRDDCTKATHSRMQHQLGHLPPINTASSPQHGDRYSHWTKL
16,ADX95838,gb|ADX95838.1|,202,5.07005e-135,386.726,204,100.0,ADX95838.1,54133,Pygathrix nemaeus,"sex-determining region Y protein, partial [Pygathrix nemaeus]",MQSYASAMLSVFNTDDYSPAAQQNVPALRRSSSFICTESCSSKYQCEAGENSKGSVQDRVKRPMNAFIVWSRDQRRKMALENPKMRNSEISKQLGYQWKMLTEADKWPFFQEAQKLQAMHREKYPNYKYRPRRKAKMLQNSCSLLPADPSSVLCREMELDNRLYRDDCTKATHSRMQLGHLPPINTASSPQQRDRYSHSTKL
17,AAG34391,gb|AAG34391.1|,202,1.43759e-134,385.571,204,100.0,AAG34391.1,78451,Presbytis melalophos,"SRY, partial [Presbytis melalophos]",MQSYASAMLSVFNTDDYSPAAQQNVPALRRSSSFICTESCSSKYQCEAGENSKGSVQDRVKRPMNAFIVWSRDQRRKMALENPKMRNSEISKQLGYQWKMLTEADKWPFFQEAQKLQAMHREKYPNYKYRPRRKAKMLQNSCSLLPADPSSVLCREMELDNRLYRDDCTKVTHSRMQLGHLPPINTASSPQQRDRYSHSTKL
18,ABV44686,gb|ABV44686.1|,202,4.5488e-134,384.415,204,100.0,ABV44686.1,78451,Presbytis melalophos,"SRY, partial [Presbytis melalophos]",MQSYASAMLSVFNTDDYSPAAQRNVPALRRSSSFICTESCSSKYQCEAGENSKGSVQDRVKRPMNAFIVWSRDQRRKMALENPKMRNSEISKQLGYQWKMLTEADKWPFFQEAQKLQAMHREKYPNYKYRPRRKAKMLQNSCSLLPADPSSVLCREMELDNRLYRDDCTKVTHSRMQLGHLPPINTASSPQQRDRYSHSTKL
19,AAL09284,gb|AAL09284.1|,204,2.00894e-134,385.185,204,100.0,AAL09284.1,36225,Cercopithecus mitis,"SRY, partial [Cercopithecus mitis]",MQSYASAMLSVFNTDGYSPAAQQNIPALRRSSSFICTESCSSKYQCEAGENSKGSVQDRVKRPMNAFIVWSRDQRRKMALENPKMRNSEISKQLGYQWKMLTEADKWPFFQEAQKLQAMHREKYPNYKYRPRRKAKMLQNSCSLLPADPSSVPCREVELDNRLCRDDCTKATHSRMQHQLGHLPPINTASSPQQGDRYSHSTKL
20,AAS19187,gb|AAS19187.1|,204,5.9581e-133,381.719,204,100.0,AAS19187.1,36225,Cercopithecus mitis,"sex-determining region protein, partial [Cercopithecus mitis]",MQSYASAMLSVFNTDGYSPAAQQNIPALRRSSSFICTESCSSKYQCEAGENSKGSVQDRVKRPMNAFIVWSRDQRRKMALENPKMRNSEISKQLGYQWKMLTEADKWPFFQEAQKLQAMHREKYPNYKYRPRRKAKMLQNSCSLLPADPSSVPCREVELDNRLCRDDCTKATHSRMQHQLGHLLPINTASSPQQGDRYSHSTKL
21,AAL09282,gb|AAL09282.1|,204,3.01472e-134,384.8,204,100.0,AAL09282.1,100224,Allochrocebus lhoesti,"SRY, partial [Allochrocebus lhoesti]",MQSYASAMLSVFNTDGYSPAAQQNIPALRRSSSFICTESCSSKYQCEAGENSKGSVQDRVKRPMNAFIVWSRDQRRKMALENPKMRNSEISKQLGYQWKMLTEADKWPFFQEAQKLQAMHREKYPNYKYRPRRKAKMLQNSCSLLPADPSSVPCREVELDNRLYRDDCTKATHSRMQHQLGHLPPINTASSAQQWDRYSHSTKL
22,AAS19192,gb|AAS19192.1|,204,3.21982e-134,384.8,204,100.0,AAS19192.1,36224,Cercopithecus diana,"sex-determining region protein, partial [Cercopithecus diana]",MQSYASAMLSIFNTDGYSPAAQQNIPALRRSSSFICTESCSSKYQCEAGENSKGSVQDRVKRPMNAFIVWSRDQRRKMALENPKMRNSEISKQLGYQWKMLTEADKWPFFQEAQKLQAMHREKYPNYKYRPRRKAKMLQNSCSLLPADPSSVPCREVELDNRLCRDDCTKATHSRMQHQLGHLPPINTASSPQQGDRYSHSTKL
23,AAW23362,gb|AAW23362.1|,204,1.63282e-133,382.874,204,100.0,AAW23362.1,36224,Cercopithecus diana,sex-determining protein SRY [Cercopithecus diana],MQSYASAMLSIFNTDGYSPAAQQNIPALRRSSSFICTESCSSKYQCEAGENSKGSVQDRVKRPMNAFIVWSRDQRRKMALENPKMRNSEIXKQLGYQWKMLTEADKWPFFQEAQKLQAMHREKYPNYKYRPRRKAKMLQNSCSLLPADPSSVPCREVELDNRLCRDDCTKATHSRMQHQLGHLPPINTASSPQQGDRYSHSTKL
24,ADX95840,gb|ADX95840.1|,202,4.5488e-134,384.415,204,100.0,ADX95840.1,170207,Simias concolor,"sex-determining region Y protein, partial [Simias concolor]",MQSYASAMLSVFNTDDYSPAAQQNVPALRRSSSFICTESCSSKYQCEAGENSKGSVQDRVKRPMNAFIVWSRDQRRKMALENPKMRNSEISKQLGYQWKMLTEADKWPFFQEAQKLQAMHREKYPNYKYRPRRKAKMLQNSCSLLPADPSSVLCREMELDNRLYRDDCTKATHSRMQLGHLSPINTASSPQQRDRYSHSTKL
25,ABS82755,gb|ABS82755.1|,204,1.13689e-133,383.259,204,100.0,ABS82755.1,36223,Cercopithecus ascanius,"sex-determining factor, partial [Cercopithecus ascanius]",MQSYASAMLSVFNTDGYSPAAQQNIPALRRSSSFICTESCSSKYQCEAGENSKGSVQDRVKRPMNAFIVWSRDQRRKMALENPKMRNSEISKQLGYQWKMLTEADKWPFFQEAQKLQAMHREKYPNYKYRPRRKAKMLQNSCSLLPADPSSVPCREVELNNRLCRDDCTKATHSRMQHQLGHLPPINTASSPQQGDRYSHSTKL
26,AAS19191,gb|AAS19191.1|,204,1.24118e-133,383.259,204,100.0,AAS19191.1,263448,Cercopithecus wolfi,"sex-determining region protein, partial [Cercopithecus wolfi]",MQSYASAMLSVFNTDGYSPAAQQHIPALRRSSSFICTESCSSKYQCEAGENSKGSVQDRVKRPMNAFIVWSRDQRRKMALENPKMRNSEISKQLGYQWKMLTEADKWPFFQEAQKLQAMHREKYPNYKYRPRRKAKMLQNSCSLLPADPSSVPCREVELDNRLCRDDCTKATHSRMQHQLGHLPPINTASSPQQGDRYSHSTKL
27,ADX95836,gb|ADX95836.1|,202,1.64181e-133,382.874,204,100.0,ADX95836.1,373033,Procolobus verus,"sex-determining region Y protein, partial [Procolobus verus]",MQSYASAMLSVFNTDDYSPAAQQNVPALRRSSSFICTESCSSKYQCEAGENSKGSVQDRVKRPMNAFIVWSRDQRRKMALENPKMRNSEISKQLGYQWKMLTEADKWPFFQEAQKLQAMHREKYPNYKYRPRRKAKMLQNSCSLLPADPSSVLCREMELDNRLYRDDYTKATHSRMQLGHLPPINTASSPQQRDRYSHSTKL
28,AAG34436,gb|AAG34436.1|,203,2.28791e-133,382.489,204,100.0,AAG34436.1,54602,Macaca thibetana,"SRY, partial [Macaca thibetana]",MQSYASAMLSVFNTDDYSPAAQQNIPALRRSSSFICAESCSSKYQCEAGENSKGSVQDRVKRPMNAFIVWSRDQRRKMALENPKMRNSEISKQLGYQWKMLTEADKWPFFQEAQKLQAMHREKYPNYKYRPRRKAKMLQNSCSLLPADPSSVPCREVYNNRLYRDDCTKATHSRMQHQLGHLPPINTASSPQQRDRYSHSTKL
29,AAG34440,gb|AAG34440.1|,204,2.31949e-133,382.489,204,100.0,AAG34440.1,54135,Allenopithecus nigroviridis,"SRY, partial [Allenopithecus nigroviridis]",MQSYASAMLSVFNTDGYSPAAQQNIPALRRSSSVICTESCSSKYQCEAGENSKGSVQDRVKRPMNAFIVWSRDQRRKMALENPEMRNSEISKQLGYQWKMLTEADKWPFFQEAQKLQAMHREKYPNYKYRPRRKAKMLQNSCSLLPADPSSVPCREVELDNRLYTDDCTRATHSRMQHQLGHLPPINTASSPQQGDRYSHSTKL
30,AAL09285,gb|AAL09285.1|,204,2.45026e-133,382.489,204,100.0,AAL09285.1,9534,Chlorocebus aethiops,"SRY, partial [Chlorocebus aethiops]",MQSYASAKLSVFNTDGYSPAAQQNIPALRRSSSFICTESCSSKYHCEAGENSKGSVQDRVKRPMNAFIVWSRDQRRKMALENPKMRNSEISKQLGYQWKMLTEADKWPFFQEAQKLQAMHREKYPNYKYRPRRKAKMLQNSCSLLPADPSSVPCREVELDNRLYRDDCTKATHSRMQHQLGHLPPINTASSPQQWDRYSHSTKL
31,AAW23367,gb|AAW23367.1|,204,2.82583e-133,382.489,204,100.0,AAW23367.1,304409,Cercopithecus erythrogaster erythrogaster,sex-determining protein SRY [Cercopithecus erythrogaster erythrogaster],MQSYASAMLSVFNTDGYSPAAQQNVPALRRSSSFICTESCSSKYQCEAGENSKGSVQDRVKXPMNAFIVWSRDQRRKMALENPKMRNSEISKQLGYQWKMLTEADKWPFFQEAQKLQAMHREKYPNYKYRPRRKAKMLQNSCSLLPADPSSVPCREVELDNRLCRDDCTKATHSRMQHQLGHLPPINTASSPQQGDRYSHSTKL
32,AAG34393,gb|AAG34393.1|,203,3.28593e-133,382.104,204,100.0,AAG34393.1,9552,Macaca sinica,"SRY, partial [Macaca sinica]",MQSYASAMLSVFNTDGYSPAAQQNIPALRRSSSFICTESCSSKYQCEAGENSKGSVQDRVKRPMNAFIVWSRDQRRKMALENPKMRNSEISKQLGYQWKMLTEADKWPFFQEAQKLQAMHREKYPNYKYRPRRKAKMLQNSCSLLPADPSSVPCREVYNNRLYRDDCTKATHSRMQHQLGHLPPINTASSPQQRDRYSHSTKL
33,AGY96995,gb|AGY96995.1|,204,5.28084e-133,381.719,204,100.0,AGY96995.1,60710,Chlorocebus pygerythrus,"sex-determining region Y protein, partial [Chlorocebus pygerythrus]",MQSYASAKLSVFNTDGYSPAAQQNIPALRRSSSFICTESCSSKYHCEAGENSKGSVQDRVKRPMNAFIVWSRDQRRKMALENPKMRNSEISKQLGYQWKMLTEADKWPFFQEAQKLQAMHREKYPNYKYRPRRKAKMLQNSCSLLPADPSSVPCREVELDNRLYRDDCTKATHSRMQHQIGHLPPINTASSPQQWDRYSHSTKL
34,AAG34401,gb|AAG34401.1|,203,6.2769e-133,381.333,204,100.0,AAG34401.1,9540,Macaca arctoides,"SRY, partial [Macaca arctoides]",MQSYASAMLSVFNTDGYSPAAQQNIPALRRSSSFICTESCSTKYQCEAGENSKGSVQDRVKRPMNAFIVWSRDQRRKMALENPKMRNSEISKQLGYQWKMLTEADKWPFFQEAQKLQAMHREKYPNYKYRPRRKAKMLQNSCSLLPADPSSVPCREVYNNRLYRDDCTKATHSRMQHQLGHLPPINTASSPQQRDRYSHSTKL
35,AAW23366,gb|AAW23366.1|,204,6.29402e-133,381.333,204,100.0,AAW23366.1,192860,Cercopithecus cephus cephus,sex-determining protein SRY [Cercopithecus cephus cephus],MQSYASAMLSVFNTDGYSPAAQQNIPALRRSSSFICTESCSSKYQCEAGENSKGSVQDRVKRPMNAFIVWSRDQRRKMALENPKMRNSEIXXQLGYQWKMLTEADKWPFFQEAQKLQAMHREKYPNYKYRPRRKAKMLQNSCSLLPADPSSVPCREVELDNRLCRDDCTKATHSRMQHQLGHLPPINTASSPQQGDRYSHSTKL
36,AAG34405,gb|AAG34405.1|,203,6.77789e-133,381.333,204,100.0,AAG34405.1,78449,Macaca cyclopis,"SRY, partial [Macaca cyclopis]",MQSYASAMLSVFNTDGYSPAAQQNIPALRRSSSFICTESCSSKYQCEAGENSKGSVQDKVKRPMNAFIVWSRDQRRKMALENPKMRNSEISKQLGYQWKMLTEADKWPFFQEAQKLQAMHREKYPNYKYRPRRKAKMLQNSCSLLPADPSSVPCREVYNNRLYRDDCTKATHSRMQHQLGHLPPINTASSPQQRDRYSHSTKL
37,AAW23369,gb|AAW23369.1|,204,8.55704e-133,381.333,204,100.0,AAW23369.1,102108,Cercopithecus pogonias,sex-determining protein SRY [Cercopithecus pogonias],MQSYASAMLSVFNTDGYSPAAQQHIPALRRSSSFICTESCSSKYQCEAGENSKGSVQDRVKRPMNAFIVWSRDQRRKMALENPKMRNSEISXQLGYQWKMLTEADKWPFFQEAQKLQAMHREKYPNYKYRPRRKAKMLQNSCSLLPADPSSVPCREVELDNRLCRDDCTKATHSRMQHQLGHLPPINTASSPQQGDRYSHSTKL
38,ABV44688,gb|ABV44688.1|,201,9.16494e-133,380.948,203,100.0,ABV44688.1,88029,Semnopithecus entellus,"SRY, partial [Semnopithecus entellus]",MQSYASAMLSVFNTDDYSPAAQQNVPALRRSSSFICTESCSSKYQCEAGENSKGSVQDRVKRPMNAFIVWSRDQRRKMALENPKMRNSEISKQLGYQWKTLTEADKWPFFQEAQKLQAMHREKYPNYKYRPRRKAKMLQNSCSLLPADPSSVLCREMELDNRLYRDNCTKATHSRMQLGHLPPINTASSPQQRDRYSHSTK
39,AGY96998,gb|AGY96998.1|,204,1.054e-132,380.948,204,100.0,AGY96998.1,60712,Chlorocebus tantalus,"sex-determining region Y protein, partial [Chlorocebus tantalus]",MQSYVSAKLSVFNTDGYSPAAQQNIPALRRSSSFICTESCSSKYHCEAGENSKGSVQDRVKRPMNAFIVWSRDQRRKMALENPKMRNSEISKQLGYQWKMLTEADKWPFFQEAQKLQAMHREKYPNYKYRPRRKAKMLQNSCSLLPADPSSVPCREVELDNRLYRDDCTKATHSRMQHQLGHLPPINTASSPQQWDRYSHSTKL
40,AAG34441,gb|AAG34441.1|,204,1.07738e-132,380.948,204,100.0,AAG34441.1,36226,Cercopithecus mona,"SRY, partial [Cercopithecus mona]",MQSYASAMLSVFNTDGYSPAAQQHIPALRRSSSFICTESCSSKYQCEAGENSKGSVQDRVKRPMNAFIVWSRDQRRKMALENPKMRNSEISKQLGYQWKMLTEADKWPFFQEAQKLQAMHREKYPNYKYRPRRKAKMLQNSCSLLPADPSSVPCREVELDNRLCRDDCTKATHSRMQHQLGHLPPIDTATSPQQGDRYSHSTKL
41,AAG34434,gb|AAG34434.1|,203,1.46078e-132,380.563,204,100.0,AAG34434.1,9546,Macaca sylvanus,"SRY, partial [Macaca sylvanus]",MQSYASAMLSVFNTDGYSPAAQQNIPALRRSSSFICTESCSSKYQCEAGENSKGSVQDRVKRPMNAFIVWSRDQRRKMALENPKMRNSEISKQLGYQWKMLTEADKWPFFQEAQKLQAMHREKYPNYKYRPRRKAKMLQNSCSLLPVDPSSVPCREVYNNRLYRDDCTKATHSRMQHQLGHLPPINTASSPQQRDRYSHSTKL
42,AAS19188,gb|AAS19188.1|,204,1.8442e-132,380.178,204,100.0,AAS19188.1,36227,Cercopithecus neglectus,"sex-determining region protein, partial [Cercopithecus neglectus]",MQSYASAMLSVFNTDGYSPAAQQNIPALRRSSSFICTESCSSKCQCEAGENSKGSVQDRVKRPMNAFIVWSRDQRRKMALENPKMRNSEISKQLGYQWKMLTEADKWPFFQEAQKLQAMHREKYPNYKYRPRRKAKMLQNSCSLLPADPSSVPCREVELDNRLCRDDCTKATHSRMQHQLGHLPPINTASSPQQGDRYGHSTKL
43,AAG34395,gb|AAG34395.1|,203,2.07508e-132,380.178,204,100.0,AAG34395.1,40843,Macaca tonkeana,"SRY, partial [Macaca tonkeana]",MQSYASAMLSVFNTDGYSPAAQQNIPALRRSSSFICTESCSSKYQCEAGENSKGSVQDRVKRPMNAFIVWSRDQRRKMALENPKMRNSEISKHLGYQWKMLTEADKWPFFQEAQKLQAMHREKYPNYKYRPRRKAKMLQNSCSLLPADPSSVPCREVYNNRLYRDDCTKATHSRMQHQLGHLPPINTASSPQQRDRYSHSTKL
44,AAG34404,gb|AAG34404.1|,203,2.07508e-132,380.178,204,100.0,AAG34404.1,9551,Macaca assamensis,"SRY, partial [Macaca assamensis]",MQSYASAMLSVFNTDGYSPAAQQNIPALRRSSSFICAESCSSKYQCEAGENSKGSVQDRVKRPMNAFIVWSRDQRRKMALENPKMRNSEISKQLGYQWKMLTEADKWPFFQEAQKLQAMHREKYPNYKYRPRRKAKMLQNSCSLLPADPSSVPCREVYNNRLYRDDCTKATHSRMQHQLGHLPPINTASSPQQRDRYSHSTKL
45,AAG34407,gb|AAG34407.1|,202,2.38667e-132,379.793,204,100.0,AAG34407.1,9541,Macaca fascicularis,"SRY, partial [Macaca fascicularis]",MQSYASAMLSVFNTDGYSPAAQQNIPALRRSSSFICTESCSSKYQCEAGENSKGSVQDKVKRPMNAFIVWSRDQRRKMALENPKMRNSEISKQLGYQWKMLTEADKWPFFQEAQKLQAMHREKYPNYKYRPRRKAKMLQNSCSLLPADPSSVPCREVYNRLYRDDCTKATHSRMQHQLGHLPPINTASSPQQRDRYSHSTKL
46,AAG34439,gb|AAG34439.1|,203,2.72984e-132,379.793,204,100.0,AAG34439.1,9561,Mandrillus sphinx,"SRY, partial [Mandrillus sphinx]",MQSYASAMLSVFNSDGYNPAAQQNIPALRRSSSFICTESCSSKYQCEAGENSKGSVQDRVKRPMNAFIVWSRDQRRKMALENPKMRNSEISKQLGYQWKMLTEADKWPFFQEAQKLQAMHREKYPNYKYRPRRKAKMLQNSCSLLPADPSSVPCREVYNNRLYRDDCTKATHSRMQHQLGHLPPINTASSPQQQDRYSHSTKL
